Negara_A,Negara_B,Skor_Kemiripan
Chad,Republic of the Congo,0.75
Republic of the Congo,Cameroon,0.75
Germany,Austria,0.75
Chad,Cameroon,0.6
Peru,Bolivia,0.5714285714285714
Germany,Spain,0.5
Germany,Italy,0.5
Nigeria,Liberia,0.5
Nigeria,Ghana,0.5
Spain,Italy,0.5
Colombia,Argentina,0.5
Liberia,Ghana,0.5
India,Pakistan,0.5
Angola,Mozambique,0.5
Honduras,Dominican Republic,0.5
Republic of the Congo,Democratic Republic of the Congo,0.5
Cuba,Honduras,0.5
Cuba,Dominican Republic,0.5
Jordan,Lebanon,0.5
Jordan,Kuwait,0.5
Jordan,Oman,0.5
Lebanon,Kuwait,0.5
Lebanon,Oman,0.5
Kuwait,Oman,0.5
Chile,Peru,0.42857142857142855
Austria,Spain,0.4
Austria,Italy,0.4
Cameroon,Democratic Republic of the Congo,0.4
Liberia,Kenya,0.4
Nigeria,Kenya,0.4
Cameroon,Nigeria,0.4
Cameroon,Liberia,0.4
Jordan,Iraq,0.4
Iraq,Lebanon,0.4
Iraq,Kuwait,0.4
Iraq,Oman,0.4
Cameroon,Ghana,0.4
Democratic Republic of the Congo,Madagascar,0.4
Democratic Republic of the Congo,Guinea,0.4
Kenya,Ghana,0.4
Chad,Democratic Republic of the Congo,0.4
Morocco,Mauritania,0.4
Mauritania,Algeria,0.4
Chad,Mauritania,0.4
Republic of the Congo,Madagascar,0.4
Republic of the Congo,Guinea,0.4
Chad,Morocco,0.3333333333333333
Chad,Algeria,0.3333333333333333
Chile,Dominican Republic,0.3333333333333333
Madagascar,Guinea,0.3333333333333333
Mexico,Honduras,0.3333333333333333
Mexico,Dominican Republic,0.3333333333333333
Cameroon,Madagascar,0.3333333333333333
Cameroon,Guinea,0.3333333333333333
Colombia,Chile,0.3333333333333333
Colombia,Peru,0.3333333333333333
Argentina,Chile,0.3333333333333333
Argentina,Peru,0.3333333333333333
Morocco,Algeria,0.3333333333333333
Chad,Madagascar,0.3333333333333333
Chad,Guinea,0.3333333333333333
Cuba,Mexico,0.3333333333333333
Cameroon,Kenya,0.3333333333333333
Colombia,Bolivia,0.2857142857142857
Kazakhstan,Belarus,0.2857142857142857
Argentina,Bolivia,0.2857142857142857
Chile,Bolivia,0.2222222222222222
Colombia,Brazil,0.2
Argentina,Honduras,0.2
Argentina,Dominican Republic,0.2
Spain,Hungary,0.2
Colombia,Honduras,0.2
Colombia,Dominican Republic,0.2
Nigeria,Angola,0.2
Nigeria,Mozambique,0.2
Nigeria,Mauritania,0.2
Bulgaria,Italy,0.2
Bulgaria,Czech Republic,0.2
Bulgaria,Hungary,0.2
Italy,Czech Republic,0.2
Italy,Hungary,0.2
Czech Republic,Hungary,0.2
Republic of the Congo,Ethiopia,0.2
Nigeria,Ethiopia,0.2
Liberia,Angola,0.2
Liberia,Mozambique,0.2
Liberia,Mauritania,0.2
Germany,Bulgaria,0.2
Germany,Czech Republic,0.2
Liberia,Ethiopia,0.2
Indonesia,Bangladesh,0.2
Indonesia,Japan,0.2
Indonesia,Cambodia,0.2
Indonesia,Malaysia,0.2
Indonesia,Myanmar,0.2
Indonesia,Iran,0.2
Indonesia,Mongolia,0.2
Indonesia,Jordan,0.2
Indonesia,Lebanon,0.2
Indonesia,Kuwait,0.2
Indonesia,Oman,0.2
Indonesia,Kyrgyzstan,0.2
Democratic Republic of the Congo,Ethiopia,0.2
Spain,Colombia,0.2
Spain,Argentina,0.2
Spain,Honduras,0.2
Spain,Dominican Republic,0.2
Spain,Bulgaria,0.2
Spain,Czech Republic,0.2
Angola,Mauritania,0.2
Angola,Brazil,0.2
Angola,Ethiopia,0.2
Mozambique,Ghana,0.2
Mozambique,Mauritania,0.2
Mozambique,Brazil,0.2
Germany,Hungary,0.2
Cuba,Spain,0.2
Cuba,Colombia,0.2
Lebanon,Kyrgyzstan,0.2
Kuwait,Kyrgyzstan,0.2
Oman,Kyrgyzstan,0.2
Argentina,Brazil,0.2
Ghana,Mauritania,0.2
Ghana,Ethiopia,0.2
Republic of the Congo,Nigeria,0.2
Republic of the Congo,Liberia,0.2
Republic of the Congo,Angola,0.2
Republic of the Congo,Mozambique,0.2
Republic of the Congo,Ghana,0.2
Republic of the Congo,Mauritania,0.2
Mozambique,Ethiopia,0.2
Bangladesh,Japan,0.2
Bangladesh,Cambodia,0.2
Myanmar,Kyrgyzstan,0.2
Iran,Mongolia,0.2
Iran,Jordan,0.2
Iran,Lebanon,0.2
Iran,Kuwait,0.2
Iran,Oman,0.2
Iran,Kyrgyzstan,0.2
Mongolia,Jordan,0.2
Mongolia,Lebanon,0.2
Mongolia,Kuwait,0.2
Mongolia,Oman,0.2
Mongolia,Kyrgyzstan,0.2
Jordan,Kyrgyzstan,0.2
Mauritania,Jordan,0.2
Mauritania,Lebanon,0.2
Mauritania,Kuwait,0.2
Mauritania,Oman,0.2
Mauritania,Ethiopia,0.2
Japan,Cambodia,0.2
Japan,Malaysia,0.2
Japan,Myanmar,0.2
Japan,Iran,0.2
Japan,Mongolia,0.2
Japan,Jordan,0.2
Japan,Lebanon,0.2
Japan,Kuwait,0.2
Japan,Oman,0.2
Japan,Kyrgyzstan,0.2
Bangladesh,Malaysia,0.2
Bangladesh,Myanmar,0.2
Bangladesh,Iran,0.2
Bangladesh,Mongolia,0.2
Bangladesh,Jordan,0.2
Bangladesh,Lebanon,0.2
Bangladesh,Kuwait,0.2
Bangladesh,Oman,0.2
Bangladesh,Kyrgyzstan,0.2
Cambodia,Malaysia,0.2
Cambodia,Myanmar,0.2
Cambodia,Iran,0.2
Cambodia,Mongolia,0.2
Cambodia,Jordan,0.2
Cambodia,Lebanon,0.2
Cambodia,Kuwait,0.2
Cambodia,Oman,0.2
Cambodia,Kyrgyzstan,0.2
Angola,Ghana,0.2
Malaysia,Myanmar,0.2
Malaysia,Iran,0.2
Malaysia,Mongolia,0.2
Malaysia,Jordan,0.2
Malaysia,Lebanon,0.2
Malaysia,Kuwait,0.2
Malaysia,Oman,0.2
Malaysia,Kyrgyzstan,0.2
Myanmar,Iran,0.2
Myanmar,Mongolia,0.2
Myanmar,Jordan,0.2
Myanmar,Lebanon,0.2
Myanmar,Kuwait,0.2
Myanmar,Oman,0.2
Cuba,Argentina,0.2
Democratic Republic of the Congo,Nigeria,0.2
Democratic Republic of the Congo,Liberia,0.2
Democratic Republic of the Congo,Angola,0.2
Democratic Republic of the Congo,Mozambique,0.2
Democratic Republic of the Congo,Ghana,0.2
Democratic Republic of the Congo,Mauritania,0.2
Democratic Republic of the Congo,Kenya,0.16666666666666666
Democratic Republic of the Congo,Morocco,0.16666666666666666
Angola,Portugal,0.16666666666666666
Angola,Algeria,0.16666666666666666
Mozambique,Kenya,0.16666666666666666
Bulgaria,Portugal,0.16666666666666666
Chad,Jordan,0.16666666666666666
Chad,Lebanon,0.16666666666666666
Chad,Kuwait,0.16666666666666666
Chad,Oman,0.16666666666666666
Chad,Ethiopia,0.16666666666666666
Belarus,Bulgaria,0.16666666666666666
Belarus,Italy,0.16666666666666666
Belarus,Czech Republic,0.16666666666666666
Belarus,Hungary,0.16666666666666666
Cameroon,Angola,0.16666666666666666
Cameroon,Mozambique,0.16666666666666666
Cameroon,Mauritania,0.16666666666666666
Cameroon,Ethiopia,0.16666666666666666
Nigeria,India,0.16666666666666666
Nigeria,Morocco,0.16666666666666666
Nigeria,Portugal,0.16666666666666666
Madagascar,Angola,0.16666666666666666
Madagascar,Mozambique,0.16666666666666666
Madagascar,Ghana,0.16666666666666666
Madagascar,Mauritania,0.16666666666666666
India,Ghana,0.16666666666666666
India,Bangladesh,0.16666666666666666
India,Japan,0.16666666666666666
India,Cambodia,0.16666666666666666
India,Malaysia,0.16666666666666666
India,Myanmar,0.16666666666666666
India,Iran,0.16666666666666666
India,Mongolia,0.16666666666666666
India,Jordan,0.16666666666666666
India,Lebanon,0.16666666666666666
India,Kuwait,0.16666666666666666
India,Oman,0.16666666666666666
India,Kyrgyzstan,0.16666666666666666
Spain,Belarus,0.16666666666666666
Spain,Portugal,0.16666666666666666
Nigeria,Algeria,0.16666666666666666
Liberia,India,0.16666666666666666
Liberia,Morocco,0.16666666666666666
Czech Republic,Portugal,0.16666666666666666
Madagascar,Ethiopia,0.16666666666666666
Italy,Portugal,0.16666666666666666
Republic of the Congo,Algeria,0.16666666666666666
Azerbaijan,Kuwait,0.16666666666666666
Austria,Bulgaria,0.16666666666666666
Austria,Czech Republic,0.16666666666666666
Democratic Republic of the Congo,Algeria,0.16666666666666666
Madagascar,Nigeria,0.16666666666666666
Madagascar,Liberia,0.16666666666666666
Guinea,Ethiopia,0.16666666666666666
Germany,Belarus,0.16666666666666666
Guinea,Nigeria,0.16666666666666666
Guinea,Liberia,0.16666666666666666
Guinea,Angola,0.16666666666666666
Guinea,Mozambique,0.16666666666666666
Guinea,Ghana,0.16666666666666666
Guinea,Mauritania,0.16666666666666666
Austria,Hungary,0.16666666666666666
Azerbaijan,Oman,0.16666666666666666
Azerbaijan,Kyrgyzstan,0.16666666666666666
Indonesia,India,0.16666666666666666
Indonesia,Armenia,0.16666666666666666
Indonesia,North Korea,0.16666666666666666
Indonesia,Iraq,0.16666666666666666
Liberia,Algeria,0.16666666666666666
Azerbaijan,Indonesia,0.16666666666666666
Azerbaijan,Bangladesh,0.16666666666666666
Azerbaijan,Japan,0.16666666666666666
Azerbaijan,Cambodia,0.16666666666666666
Azerbaijan,Malaysia,0.16666666666666666
Azerbaijan,Myanmar,0.16666666666666666
Azerbaijan,Iran,0.16666666666666666
Azerbaijan,Mongolia,0.16666666666666666
Azerbaijan,Jordan,0.16666666666666666
Azerbaijan,Lebanon,0.16666666666666666
Iran,Iraq,0.16666666666666666
Mongolia,Iraq,0.16666666666666666
Jordan,Algeria,0.16666666666666666
Iraq,Kyrgyzstan,0.16666666666666666
Lebanon,Algeria,0.16666666666666666
Kuwait,Algeria,0.16666666666666666
Oman,Algeria,0.16666666666666666
Algeria,Ethiopia,0.16666666666666666
Mozambique,Morocco,0.16666666666666666
Mozambique,Portugal,0.16666666666666666
Germany,Portugal,0.16666666666666666
Afghanistan,Jordan,0.16666666666666666
Afghanistan,Lebanon,0.16666666666666666
Afghanistan,Kuwait,0.16666666666666666
Afghanistan,Oman,0.16666666666666666
Bangladesh,Armenia,0.16666666666666666
Kenya,Ethiopia,0.16666666666666666
Ghana,Morocco,0.16666666666666666
Ghana,Algeria,0.16666666666666666
Chad,Nigeria,0.16666666666666666
Chad,Liberia,0.16666666666666666
Chad,Angola,0.16666666666666666
Chad,Mozambique,0.16666666666666666
Chad,Ghana,0.16666666666666666
Mozambique,Algeria,0.16666666666666666
Kenya,Mauritania,0.16666666666666666
Republic of the Congo,Kenya,0.16666666666666666
Republic of the Congo,Morocco,0.16666666666666666
North Korea,Malaysia,0.16666666666666666
North Korea,Myanmar,0.16666666666666666
North Korea,Iran,0.16666666666666666
North Korea,Mongolia,0.16666666666666666
North Korea,Jordan,0.16666666666666666
North Korea,Lebanon,0.16666666666666666
North Korea,Kuwait,0.16666666666666666
North Korea,Oman,0.16666666666666666
North Korea,Kyrgyzstan,0.16666666666666666
Malaysia,Iraq,0.16666666666666666
Myanmar,Iraq,0.16666666666666666
Cambodia,Armenia,0.16666666666666666
Cambodia,North Korea,0.16666666666666666
Cambodia,Iraq,0.16666666666666666
Armenia,Malaysia,0.16666666666666666
Armenia,Myanmar,0.16666666666666666
Armenia,Iran,0.16666666666666666
Armenia,Mongolia,0.16666666666666666
Armenia,Jordan,0.16666666666666666
Armenia,Lebanon,0.16666666666666666
Armenia,Kuwait,0.16666666666666666
Armenia,Oman,0.16666666666666666
Armenia,Kyrgyzstan,0.16666666666666666
Bangladesh,North Korea,0.16666666666666666
Bangladesh,Iraq,0.16666666666666666
Morocco,Jordan,0.16666666666666666
Morocco,Lebanon,0.16666666666666666
Morocco,Kuwait,0.16666666666666666
Morocco,Oman,0.16666666666666666
Morocco,Ethiopia,0.16666666666666666
Mauritania,Iraq,0.16666666666666666
Portugal,Brazil,0.16666666666666666
Portugal,Hungary,0.16666666666666666
Japan,Armenia,0.16666666666666666
Japan,North Korea,0.16666666666666666
Japan,Iraq,0.16666666666666666
Angola,Kenya,0.16666666666666666
Angola,Morocco,0.16666666666666666
Afghanistan,Iraq,0.15384615384615385
Indonesia,Pakistan,0.14285714285714285
Nigeria,Pakistan,0.14285714285714285
Nigeria,New Zealand,0.14285714285714285
Kazakhstan,Hungary,0.14285714285714285
Kazakhstan,Malaysia,0.14285714285714285
Kazakhstan,Myanmar,0.14285714285714285
Kazakhstan,Iran,0.14285714285714285
Kazakhstan,Mongolia,0.14285714285714285
Chile,Honduras,0.14285714285714285
Chile,Brazil,0.14285714285714285
Cameroon,Morocco,0.14285714285714285
Cameroon,Algeria,0.14285714285714285
Chad,Iraq,0.14285714285714285
Kazakhstan,Jordan,0.14285714285714285
Kazakhstan,Lebanon,0.14285714285714285
Kazakhstan,Kuwait,0.14285714285714285
Kazakhstan,Oman,0.14285714285714285
Kazakhstan,Kyrgyzstan,0.14285714285714285
Belarus,Portugal,0.14285714285714285
Austria,Portugal,0.14285714285714285
Mexico,Spain,0.14285714285714285
Mexico,Colombia,0.14285714285714285
Mexico,Argentina,0.14285714285714285
Spain,Chile,0.14285714285714285
Spain,Peru,0.14285714285714285
Spain,Kazakhstan,0.14285714285714285
Madagascar,Kenya,0.14285714285714285
Madagascar,Morocco,0.14285714285714285
India,Kenya,0.14285714285714285
India,Armenia,0.14285714285714285
India,North Korea,0.14285714285714285
India,Iraq,0.14285714285714285
Madagascar,Algeria,0.14285714285714285
Liberia,Pakistan,0.14285714285714285
Liberia,New Zealand,0.14285714285714285
Guinea,Kenya,0.14285714285714285
Guinea,Morocco,0.14285714285714285
Austria,Belarus,0.14285714285714285
Peru,Brazil,0.14285714285714285
Guinea,Algeria,0.14285714285714285
Germany,Kazakhstan,0.14285714285714285
Pakistan,Ghana,0.14285714285714285
Pakistan,Bangladesh,0.14285714285714285
Pakistan,Japan,0.14285714285714285
Pakistan,Cambodia,0.14285714285714285
Pakistan,Malaysia,0.14285714285714285
Pakistan,Myanmar,0.14285714285714285
Pakistan,Iran,0.14285714285714285
Pakistan,Mongolia,0.14285714285714285
Pakistan,Jordan,0.14285714285714285
Pakistan,Lebanon,0.14285714285714285
Pakistan,Kuwait,0.14285714285714285
Pakistan,Oman,0.14285714285714285
Pakistan,Kyrgyzstan,0.14285714285714285
Cuba,Chile,0.14285714285714285
North Korea,Iraq,0.14285714285714285
Cameroon,India,0.14285714285714285
Kazakhstan,Bulgaria,0.14285714285714285
Kazakhstan,Italy,0.14285714285714285
Kazakhstan,Czech Republic,0.14285714285714285
Kazakhstan,Indonesia,0.14285714285714285
Kazakhstan,Bangladesh,0.14285714285714285
Kazakhstan,Japan,0.14285714285714285
Kazakhstan,Cambodia,0.14285714285714285
Iraq,Algeria,0.14285714285714285
Azerbaijan,India,0.14285714285714285
Azerbaijan,Armenia,0.14285714285714285
Azerbaijan,North Korea,0.14285714285714285
Azerbaijan,Iraq,0.14285714285714285
Chad,Kenya,0.14285714285714285
Ghana,New Zealand,0.14285714285714285
Dominican Republic,Peru,0.14285714285714285
Armenia,Iraq,0.14285714285714285
Kenya,Morocco,0.14285714285714285
Kenya,Algeria,0.14285714285714285
Honduras,Peru,0.14285714285714285
Armenia,North Korea,0.14285714285714285
Morocco,Iraq,0.14285714285714285
Cuba,Peru,0.14285714285714285
Cuba,Bolivia,0.125
Cameroon,Pakistan,0.125
Cameroon,New Zealand,0.125
Chile,Morocco,0.125
Kazakhstan,Armenia,0.125
Kazakhstan,North Korea,0.125
Austria,Kazakhstan,0.125
Kazakhstan,Iraq,0.125
Spain,Bolivia,0.125
India,New Zealand,0.125
Pakistan,Kenya,0.125
New Zealand,Australia,0.125
Pakistan,Armenia,0.125
Pakistan,North Korea,0.125
Pakistan,Iraq,0.125
Azerbaijan,Pakistan,0.125
Kazakhstan,Azerbaijan,0.125
Kazakhstan,India,0.125
Kazakhstan,Portugal,0.125
Dominican Republic,Bolivia,0.125
Honduras,Bolivia,0.125
Kenya,New Zealand,0.125
Bolivia,Brazil,0.125
Mexico,Chile,0.1111111111111111
Mexico,Peru,0.1111111111111111
Pakistan,New Zealand,0.1111111111111111
Kazakhstan,Pakistan,0.1111111111111111
Mexico,Bolivia,0.1
Indonesia,Afghanistan,0.07692307692307693
Afghanistan,Bangladesh,0.07692307692307693
Afghanistan,Mauritania,0.07692307692307693
Afghanistan,Japan,0.07692307692307693
Afghanistan,Cambodia,0.07692307692307693
Afghanistan,Malaysia,0.07692307692307693
Afghanistan,Myanmar,0.07692307692307693
Afghanistan,Iran,0.07692307692307693
Afghanistan,Mongolia,0.07692307692307693
Afghanistan,Kyrgyzstan,0.07692307692307693
Afghanistan,Morocco,0.07142857142857142
Afghanistan,Armenia,0.07142857142857142
Afghanistan,North Korea,0.07142857142857142
Afghanistan,Algeria,0.07142857142857142
Chad,Afghanistan,0.07142857142857142
India,Afghanistan,0.07142857142857142
Azerbaijan,Afghanistan,0.07142857142857142
Kazakhstan,Afghanistan,0.06666666666666667
Pakistan,Afghanistan,0.06666666666666667
Pakistan,Morocco,0.0
Pakistan,Mauritania,0.0
Pakistan,Portugal,0.0
Pakistan,Brazil,0.0
Pakistan,Hungary,0.0
Pakistan,Algeria,0.0
Pakistan,Australia,0.0
Pakistan,Ethiopia,0.0
Angola,New Zealand,0.0
Angola,Afghanistan,0.0
Angola,Bangladesh,0.0
Morocco,Kyrgyzstan,0.0
Morocco,Australia,0.0
Mauritania,Portugal,0.0
Mauritania,Brazil,0.0
Mauritania,Japan,0.0
Mauritania,Cambodia,0.0
Mauritania,Armenia,0.0
Mauritania,Hungary,0.0
Mauritania,North Korea,0.0
Mauritania,Malaysia,0.0
Mauritania,Myanmar,0.0
Mauritania,Iran,0.0
Mauritania,Mongolia,0.0
Mauritania,Kyrgyzstan,0.0
Mauritania,Australia,0.0
Portugal,Japan,0.0
Portugal,Cambodia,0.0
Portugal,Armenia,0.0
Portugal,North Korea,0.0
Portugal,Malaysia,0.0
Portugal,Myanmar,0.0
Portugal,Iran,0.0
Portugal,Mongolia,0.0
Portugal,Jordan,0.0
Portugal,Iraq,0.0
Portugal,Lebanon,0.0
Dominican Republic,Angola,0.0
Dominican Republic,Mozambique,0.0
Dominican Republic,Kenya,0.0
Dominican Republic,Ghana,0.0
Dominican Republic,New Zealand,0.0
Afghanistan,Australia,0.0
Afghanistan,Ethiopia,0.0
Bangladesh,Morocco,0.0
Bangladesh,Mauritania,0.0
Bangladesh,Portugal,0.0
Bangladesh,Brazil,0.0
Bangladesh,Hungary,0.0
Myanmar,Algeria,0.0
Myanmar,Australia,0.0
Myanmar,Ethiopia,0.0
Iran,Algeria,0.0
Iran,Australia,0.0
Iran,Ethiopia,0.0
Mongolia,Algeria,0.0
Mongolia,Australia,0.0
Mongolia,Ethiopia,0.0
Jordan,Australia,0.0
Jordan,Ethiopia,0.0
Iraq,Australia,0.0
Iraq,Ethiopia,0.0
Argentina,Bangladesh,0.0
Argentina,Morocco,0.0
Argentina,Mauritania,0.0
Argentina,Portugal,0.0
Argentina,Japan,0.0
Argentina,Cambodia,0.0
Argentina,Armenia,0.0
Argentina,Hungary,0.0
Argentina,North Korea,0.0
Argentina,Malaysia,0.0
Argentina,Myanmar,0.0
Argentina,Iran,0.0
Argentina,Mongolia,0.0
Argentina,Jordan,0.0
Argentina,Iraq,0.0
Argentina,Lebanon,0.0
Argentina,Kuwait,0.0
Argentina,Oman,0.0
Mozambique,Japan,0.0
Mozambique,Cambodia,0.0
Mozambique,Armenia,0.0
Mozambique,Hungary,0.0
Mozambique,North Korea,0.0
Mozambique,Malaysia,0.0
Cameroon,Kazakhstan,0.0
Cameroon,Belarus,0.0
Cameroon,Bulgaria,0.0
Cameroon,Italy,0.0
Cameroon,Czech Republic,0.0
Cameroon,Azerbaijan,0.0
Cameroon,Indonesia,0.0
Hungary,Iraq,0.0
Hungary,Lebanon,0.0
Hungary,Kuwait,0.0
Hungary,Oman,0.0
Hungary,Algeria,0.0
Hungary,Kyrgyzstan,0.0
Hungary,Australia,0.0
Hungary,Ethiopia,0.0
North Korea,Algeria,0.0
North Korea,Australia,0.0
North Korea,Ethiopia,0.0
Malaysia,Algeria,0.0
Malaysia,Australia,0.0
Malaysia,Ethiopia,0.0
Portugal,Kuwait,0.0
Portugal,Oman,0.0
Portugal,Algeria,0.0
Portugal,Kyrgyzstan,0.0
Portugal,Australia,0.0
Portugal,Ethiopia,0.0
Brazil,Japan,0.0
Brazil,Cambodia,0.0
Brazil,Armenia,0.0
Brazil,Hungary,0.0
Brazil,North Korea,0.0
Brazil,Malaysia,0.0
Brazil,Myanmar,0.0
Brazil,Iran,0.0
Brazil,Mongolia,0.0
Brazil,Jordan,0.0
Brazil,Iraq,0.0
Brazil,Lebanon,0.0
Brazil,Kuwait,0.0
Brazil,Oman,0.0
Brazil,Algeria,0.0
Brazil,Kyrgyzstan,0.0
Brazil,Australia,0.0
Brazil,Ethiopia,0.0
Japan,Hungary,0.0
Japan,Algeria,0.0
Lebanon,Australia,0.0
Lebanon,Ethiopia,0.0
Kuwait,Australia,0.0
Kuwait,Ethiopia,0.0
Oman,Australia,0.0
Oman,Ethiopia,0.0
Algeria,Kyrgyzstan,0.0
Algeria,Australia,0.0
Kyrgyzstan,Australia,0.0
Kyrgyzstan,Ethiopia,0.0
Australia,Ethiopia,0.0
Democratic Republic of the Congo,Hungary,0.0
Democratic Republic of the Congo,North Korea,0.0
Democratic Republic of the Congo,Malaysia,0.0
Democratic Republic of the Congo,Myanmar,0.0
Democratic Republic of the Congo,Iran,0.0
Democratic Republic of the Congo,Mongolia,0.0
Democratic Republic of the Congo,Jordan,0.0
Democratic Republic of the Congo,Iraq,0.0
Democratic Republic of the Congo,Lebanon,0.0
Democratic Republic of the Congo,Kuwait,0.0
Democratic Republic of the Congo,Oman,0.0
Democratic Republic of the Congo,Kyrgyzstan,0.0
Democratic Republic of the Congo,Australia,0.0
Madagascar,Germany,0.0
Madagascar,Cuba,0.0
Madagascar,Austria,0.0
Madagascar,Mexico,0.0
Madagascar,Spain,0.0
Madagascar,Colombia,0.0
Madagascar,Argentina,0.0
Madagascar,Chile,0.0
Madagascar,Honduras,0.0
Madagascar,Dominican Republic,0.0
Madagascar,Peru,0.0
Madagascar,Bolivia,0.0
Madagascar,Kazakhstan,0.0
Madagascar,Belarus,0.0
Madagascar,Bulgaria,0.0
Madagascar,Italy,0.0
Madagascar,Czech Republic,0.0
Madagascar,Azerbaijan,0.0
Argentina,Belarus,0.0
Argentina,Bulgaria,0.0
Argentina,Italy,0.0
Argentina,Czech Republic,0.0
Argentina,Nigeria,0.0
Argentina,Liberia,0.0
Argentina,Azerbaijan,0.0
Argentina,Indonesia,0.0
Argentina,India,0.0
Argentina,Pakistan,0.0
Argentina,Angola,0.0
Argentina,Mozambique,0.0
Argentina,Kenya,0.0
Argentina,Ghana,0.0
Argentina,New Zealand,0.0
Argentina,Afghanistan,0.0
Madagascar,Brazil,0.0
Madagascar,Japan,0.0
Madagascar,Cambodia,0.0
Madagascar,Armenia,0.0
Madagascar,Hungary,0.0
Madagascar,North Korea,0.0
Madagascar,Malaysia,0.0
Madagascar,Myanmar,0.0
Madagascar,Iran,0.0
Madagascar,Mongolia,0.0
Madagascar,Jordan,0.0
Madagascar,Iraq,0.0
Madagascar,Lebanon,0.0
Madagascar,Kuwait,0.0
Madagascar,Oman,0.0
Madagascar,Kyrgyzstan,0.0
Madagascar,Australia,0.0
Guinea,Germany,0.0
Guinea,Cuba,0.0
Guinea,Austria,0.0
Republic of the Congo,Mongolia,0.0
Republic of the Congo,Jordan,0.0
Republic of the Congo,Iraq,0.0
Republic of the Congo,Lebanon,0.0
Republic of the Congo,Kuwait,0.0
Republic of the Congo,Oman,0.0
Republic of the Congo,Kyrgyzstan,0.0
Republic of the Congo,Australia,0.0
Cameroon,Germany,0.0
Cameroon,Cuba,0.0
Cameroon,Austria,0.0
Cameroon,Mexico,0.0
Cameroon,Spain,0.0
Cameroon,Colombia,0.0
Cameroon,Argentina,0.0
Cameroon,Chile,0.0
Cameroon,Honduras,0.0
Cameroon,Dominican Republic,0.0
Cameroon,Peru,0.0
Cameroon,Bolivia,0.0
Czech Republic,Liberia,0.0
Czech Republic,Azerbaijan,0.0
Czech Republic,Indonesia,0.0
Czech Republic,India,0.0
Czech Republic,Pakistan,0.0
Czech Republic,Angola,0.0
Czech Republic,Mozambique,0.0
Czech Republic,Kenya,0.0
Czech Republic,Ghana,0.0
Czech Republic,New Zealand,0.0
Czech Republic,Afghanistan,0.0
Czech Republic,Bangladesh,0.0
Czech Republic,Morocco,0.0
Czech Republic,Mauritania,0.0
Czech Republic,Brazil,0.0
Czech Republic,Japan,0.0
Czech Republic,Cambodia,0.0
Czech Republic,Armenia,0.0
Czech Republic,North Korea,0.0
Argentina,Algeria,0.0
Argentina,Kyrgyzstan,0.0
Argentina,Australia,0.0
Argentina,Ethiopia,0.0
Chile,Kazakhstan,0.0
Chile,Belarus,0.0
Chile,Bulgaria,0.0
Chile,Italy,0.0
Chile,Czech Republic,0.0
Chile,Nigeria,0.0
Chile,Liberia,0.0
Chile,Azerbaijan,0.0
Chile,Indonesia,0.0
Chile,India,0.0
Chile,Pakistan,0.0
Chile,Angola,0.0
Chile,Mozambique,0.0
Chile,Kenya,0.0
Chile,Ghana,0.0
Chile,New Zealand,0.0
Chile,Afghanistan,0.0
Chile,Bangladesh,0.0
Chile,Mauritania,0.0
Chile,Portugal,0.0
Chile,Japan,0.0
Chile,Cambodia,0.0
Chile,Armenia,0.0
Chile,Hungary,0.0
Madagascar,Indonesia,0.0
Madagascar,India,0.0
Madagascar,Pakistan,0.0
Madagascar,New Zealand,0.0
Madagascar,Afghanistan,0.0
Madagascar,Bangladesh,0.0
Madagascar,Portugal,0.0
Bulgaria,Malaysia,0.0
Bulgaria,Myanmar,0.0
Bulgaria,Iran,0.0
Bulgaria,Mongolia,0.0
Bulgaria,Jordan,0.0
Bulgaria,Iraq,0.0
Bulgaria,Lebanon,0.0
Bulgaria,Kuwait,0.0
Bulgaria,Oman,0.0
Bulgaria,Algeria,0.0
Bulgaria,Kyrgyzstan,0.0
Bulgaria,Australia,0.0
Bulgaria,Ethiopia,0.0
Italy,Nigeria,0.0
Italy,Liberia,0.0
Italy,Azerbaijan,0.0
Italy,Indonesia,0.0
Italy,India,0.0
Italy,Pakistan,0.0
Italy,Angola,0.0
Italy,Mozambique,0.0
Italy,Kenya,0.0
Italy,Ghana,0.0
Italy,New Zealand,0.0
Italy,Afghanistan,0.0
Italy,Bangladesh,0.0
Italy,Morocco,0.0
Italy,Mauritania,0.0
Italy,Brazil,0.0
Italy,Japan,0.0
Italy,Cambodia,0.0
Italy,Armenia,0.0
Spain,Japan,0.0
Spain,Cambodia,0.0
Spain,Armenia,0.0
Spain,North Korea,0.0
Spain,Malaysia,0.0
Spain,Myanmar,0.0
Spain,Iran,0.0
Spain,Mongolia,0.0
Spain,Jordan,0.0
Spain,Iraq,0.0
Spain,Lebanon,0.0
Spain,Kuwait,0.0
Spain,Oman,0.0
Spain,Algeria,0.0
Spain,Kyrgyzstan,0.0
Spain,Australia,0.0
Spain,Ethiopia,0.0
Colombia,Kazakhstan,0.0
Colombia,Belarus,0.0
Colombia,Bulgaria,0.0
Colombia,Italy,0.0
Colombia,Czech Republic,0.0
Colombia,Nigeria,0.0
Colombia,Liberia,0.0
Colombia,Azerbaijan,0.0
Colombia,Indonesia,0.0
Colombia,India,0.0
Colombia,Pakistan,0.0
Colombia,Angola,0.0
Mexico,Malaysia,0.0
Mexico,Myanmar,0.0
Mexico,Iran,0.0
Mexico,Mongolia,0.0
Mexico,Jordan,0.0
Mexico,Iraq,0.0
Mexico,Lebanon,0.0
Mexico,Kuwait,0.0
Mexico,Oman,0.0
Italy,North Korea,0.0
Italy,Malaysia,0.0
Italy,Myanmar,0.0
Italy,Iran,0.0
Italy,Mongolia,0.0
Italy,Jordan,0.0
Italy,Iraq,0.0
Italy,Lebanon,0.0
Italy,Kuwait,0.0
Italy,Oman,0.0
Italy,Algeria,0.0
Italy,Kyrgyzstan,0.0
Italy,Australia,0.0
Italy,Ethiopia,0.0
Czech Republic,Nigeria,0.0
Mexico,Kazakhstan,0.0
Mexico,Belarus,0.0
Mexico,Bulgaria,0.0
Mexico,Italy,0.0
Mexico,Czech Republic,0.0
Mexico,Nigeria,0.0
Mexico,Liberia,0.0
Mexico,Azerbaijan,0.0
Mexico,Indonesia,0.0
Mexico,India,0.0
Mexico,Pakistan,0.0
Mexico,Angola,0.0
Mexico,Mozambique,0.0
Mexico,Kenya,0.0
Mexico,Ghana,0.0
Mexico,New Zealand,0.0
Mexico,Afghanistan,0.0
Mexico,Bangladesh,0.0
Mexico,Morocco,0.0
Mexico,Mauritania,0.0
Mexico,Portugal,0.0
Mexico,Brazil,0.0
Mexico,Japan,0.0
Mexico,Cambodia,0.0
Mexico,Armenia,0.0
Mexico,Hungary,0.0
Mexico,North Korea,0.0
Democratic Republic of the Congo,Mexico,0.0
Democratic Republic of the Congo,Spain,0.0
Democratic Republic of the Congo,Colombia,0.0
Democratic Republic of the Congo,Argentina,0.0
Democratic Republic of the Congo,Chile,0.0
Democratic Republic of the Congo,Honduras,0.0
Democratic Republic of the Congo,Dominican Republic,0.0
Democratic Republic of the Congo,Peru,0.0
Democratic Republic of the Congo,Bolivia,0.0
Democratic Republic of the Congo,Kazakhstan,0.0
Democratic Republic of the Congo,Belarus,0.0
Democratic Republic of the Congo,Bulgaria,0.0
Democratic Republic of the Congo,Italy,0.0
Democratic Republic of the Congo,Czech Republic,0.0
Democratic Republic of the Congo,Azerbaijan,0.0
Democratic Republic of the Congo,Indonesia,0.0
Democratic Republic of the Congo,India,0.0
Democratic Republic of the Congo,Pakistan,0.0
Democratic Republic of the Congo,New Zealand,0.0
Democratic Republic of the Congo,Afghanistan,0.0
Democratic Republic of the Congo,Bangladesh,0.0
Democratic Republic of the Congo,Portugal,0.0
Democratic Republic of the Congo,Brazil,0.0
Democratic Republic of the Congo,Japan,0.0
Democratic Republic of the Congo,Cambodia,0.0
Democratic Republic of the Congo,Armenia,0.0
Angola,Japan,0.0
Angola,Cambodia,0.0
Angola,Armenia,0.0
Angola,Hungary,0.0
Angola,North Korea,0.0
Angola,Malaysia,0.0
Angola,Myanmar,0.0
Angola,Iran,0.0
Angola,Mongolia,0.0
Angola,Jordan,0.0
Angola,Iraq,0.0
Angola,Lebanon,0.0
Angola,Kuwait,0.0
Angola,Oman,0.0
Angola,Kyrgyzstan,0.0
Angola,Australia,0.0
Mozambique,New Zealand,0.0
Mozambique,Afghanistan,0.0
Mozambique,Bangladesh,0.0
Colombia,Mozambique,0.0
Colombia,Kenya,0.0
Colombia,Ghana,0.0
Colombia,New Zealand,0.0
Colombia,Afghanistan,0.0
Colombia,Bangladesh,0.0
Colombia,Morocco,0.0
Colombia,Mauritania,0.0
Colombia,Portugal,0.0
Colombia,Japan,0.0
Colombia,Cambodia,0.0
Colombia,Armenia,0.0
Colombia,Hungary,0.0
Colombia,North Korea,0.0
Colombia,Malaysia,0.0
Colombia,Myanmar,0.0
Colombia,Iran,0.0
Colombia,Mongolia,0.0
Colombia,Jordan,0.0
Colombia,Iraq,0.0
Colombia,Lebanon,0.0
Colombia,Kuwait,0.0
Colombia,Oman,0.0
Colombia,Algeria,0.0
Colombia,Kyrgyzstan,0.0
Colombia,Australia,0.0
Colombia,Ethiopia,0.0
Argentina,Kazakhstan,0.0
Dominican Republic,Afghanistan,0.0
Dominican Republic,Bangladesh,0.0
Dominican Republic,Morocco,0.0
Dominican Republic,Mauritania,0.0
Dominican Republic,Portugal,0.0
Dominican Republic,Brazil,0.0
Dominican Republic,Japan,0.0
Dominican Republic,Cambodia,0.0
Dominican Republic,Armenia,0.0
Dominican Republic,Hungary,0.0
Dominican Republic,North Korea,0.0
Dominican Republic,Malaysia,0.0
Dominican Republic,Myanmar,0.0
Dominican Republic,Iran,0.0
Dominican Republic,Mongolia,0.0
Dominican Republic,Jordan,0.0
Dominican Republic,Iraq,0.0
Dominican Republic,Lebanon,0.0
Dominican Republic,Kuwait,0.0
Dominican Republic,Oman,0.0
Dominican Republic,Algeria,0.0
Dominican Republic,Kyrgyzstan,0.0
Dominican Republic,Australia,0.0
Dominican Republic,Ethiopia,0.0
Peru,Kazakhstan,0.0
Peru,Belarus,0.0
Peru,Bulgaria,0.0
Peru,Italy,0.0
Peru,Czech Republic,0.0
Honduras,Bangladesh,0.0
Honduras,Morocco,0.0
Honduras,Mauritania,0.0
Honduras,Portugal,0.0
Honduras,Brazil,0.0
Honduras,Japan,0.0
Honduras,Cambodia,0.0
Honduras,Armenia,0.0
Honduras,Hungary,0.0
Honduras,North Korea,0.0
Honduras,Malaysia,0.0
Honduras,Myanmar,0.0
Honduras,Iran,0.0
Honduras,Mongolia,0.0
Honduras,Jordan,0.0
Honduras,Iraq,0.0
Honduras,Lebanon,0.0
Honduras,Kuwait,0.0
Honduras,Oman,0.0
Honduras,Algeria,0.0
Honduras,Kyrgyzstan,0.0
Honduras,Australia,0.0
Honduras,Ethiopia,0.0
Dominican Republic,Kazakhstan,0.0
Dominican Republic,Belarus,0.0
Dominican Republic,Bulgaria,0.0
Dominican Republic,Italy,0.0
Dominican Republic,Czech Republic,0.0
Dominican Republic,Nigeria,0.0
Dominican Republic,Liberia,0.0
Dominican Republic,Azerbaijan,0.0
Dominican Republic,Indonesia,0.0
Dominican Republic,India,0.0
Dominican Republic,Pakistan,0.0
Chile,North Korea,0.0
Chile,Malaysia,0.0
Chile,Myanmar,0.0
Chile,Iran,0.0
Chile,Mongolia,0.0
Chile,Jordan,0.0
Chile,Iraq,0.0
Chile,Lebanon,0.0
Chile,Kuwait,0.0
Chile,Oman,0.0
Chile,Algeria,0.0
Chile,Kyrgyzstan,0.0
Chile,Australia,0.0
Chile,Ethiopia,0.0
Honduras,Kazakhstan,0.0
Honduras,Belarus,0.0
Honduras,Bulgaria,0.0
Honduras,Italy,0.0
Honduras,Czech Republic,0.0
Honduras,Nigeria,0.0
Honduras,Liberia,0.0
Honduras,Azerbaijan,0.0
Honduras,Indonesia,0.0
Honduras,India,0.0
Honduras,Pakistan,0.0
Honduras,Angola,0.0
Honduras,Mozambique,0.0
Honduras,Kenya,0.0
Honduras,Ghana,0.0
Honduras,New Zealand,0.0
Honduras,Afghanistan,0.0
Armenia,Algeria,0.0
Armenia,Australia,0.0
Armenia,Ethiopia,0.0
Hungary,North Korea,0.0
Hungary,Malaysia,0.0
Hungary,Myanmar,0.0
Hungary,Iran,0.0
Hungary,Mongolia,0.0
Hungary,Jordan,0.0
Kenya,Australia,0.0
Ghana,Afghanistan,0.0
Ghana,Bangladesh,0.0
Ghana,Portugal,0.0
Ghana,Brazil,0.0
Ghana,Japan,0.0
Ghana,Cambodia,0.0
Ghana,Armenia,0.0
Ghana,Hungary,0.0
Ghana,North Korea,0.0
Ghana,Malaysia,0.0
Ghana,Myanmar,0.0
Ghana,Iran,0.0
Ghana,Mongolia,0.0
Ghana,Jordan,0.0
Ghana,Iraq,0.0
Ghana,Lebanon,0.0
Ghana,Kuwait,0.0
Ghana,Oman,0.0
Ghana,Kyrgyzstan,0.0
Ghana,Australia,0.0
New Zealand,Afghanistan,0.0
New Zealand,Bangladesh,0.0
New Zealand,Morocco,0.0
New Zealand,Mauritania,0.0
New Zealand,Portugal,0.0
New Zealand,Brazil,0.0
New Zealand,Japan,0.0
New Zealand,Cambodia,0.0
New Zealand,Armenia,0.0
New Zealand,Hungary,0.0
New Zealand,North Korea,0.0
New Zealand,Malaysia,0.0
New Zealand,Myanmar,0.0
New Zealand,Iran,0.0
New Zealand,Mongolia,0.0
New Zealand,Jordan,0.0
New Zealand,Iraq,0.0
New Zealand,Lebanon,0.0
New Zealand,Kuwait,0.0
New Zealand,Oman,0.0
New Zealand,Algeria,0.0
New Zealand,Kyrgyzstan,0.0
Germany,India,0.0
Germany,Pakistan,0.0
Germany,Angola,0.0
Germany,Mozambique,0.0
Germany,Kenya,0.0
Germany,Ghana,0.0
Germany,New Zealand,0.0
Germany,Afghanistan,0.0
Germany,Bangladesh,0.0
Germany,Morocco,0.0
Germany,Mauritania,0.0
Germany,Brazil,0.0
Germany,Japan,0.0
Germany,Cambodia,0.0
Germany,Armenia,0.0
Germany,North Korea,0.0
Germany,Malaysia,0.0
Germany,Myanmar,0.0
Germany,Iran,0.0
Germany,Mongolia,0.0
Germany,Jordan,0.0
Germany,Iraq,0.0
Germany,Lebanon,0.0
Germany,Kuwait,0.0
Germany,Oman,0.0
Germany,Algeria,0.0
Germany,Kyrgyzstan,0.0
Germany,Australia,0.0
Germany,Ethiopia,0.0
Cuba,Austria,0.0
Chad,Germany,0.0
Chad,Cuba,0.0
Chad,Austria,0.0
Chad,Mexico,0.0
Chad,Spain,0.0
Chad,Colombia,0.0
Chad,Argentina,0.0
Chad,Chile,0.0
Chad,Honduras,0.0
Chad,Dominican Republic,0.0
Chad,Peru,0.0
Chad,Bolivia,0.0
Chad,Kazakhstan,0.0
Chad,Belarus,0.0
Chad,Bulgaria,0.0
Chad,Italy,0.0
Chad,Czech Republic,0.0
Chad,Azerbaijan,0.0
Chad,Indonesia,0.0
Chad,India,0.0
Chad,Pakistan,0.0
Chad,New Zealand,0.0
Guinea,Armenia,0.0
Guinea,Hungary,0.0
Guinea,North Korea,0.0
Guinea,Malaysia,0.0
Guinea,Myanmar,0.0
Guinea,Iran,0.0
Guinea,Mongolia,0.0
Guinea,Jordan,0.0
Guinea,Iraq,0.0
Guinea,Lebanon,0.0
Guinea,Kuwait,0.0
Guinea,Oman,0.0
Guinea,Kyrgyzstan,0.0
Guinea,Australia,0.0
Germany,Cuba,0.0
Germany,Mexico,0.0
Germany,Colombia,0.0
Germany,Argentina,0.0
Germany,Chile,0.0
Germany,Honduras,0.0
Germany,Dominican Republic,0.0
Germany,Peru,0.0
Germany,Bolivia,0.0
Germany,Nigeria,0.0
Germany,Liberia,0.0
Germany,Azerbaijan,0.0
Germany,Indonesia,0.0
Nigeria,Myanmar,0.0
Nigeria,Iran,0.0
Nigeria,Mongolia,0.0
Nigeria,Jordan,0.0
Nigeria,Iraq,0.0
Nigeria,Lebanon,0.0
Nigeria,Kuwait,0.0
Nigeria,Oman,0.0
Nigeria,Kyrgyzstan,0.0
Nigeria,Australia,0.0
Liberia,Azerbaijan,0.0
Liberia,Indonesia,0.0
Liberia,Afghanistan,0.0
Liberia,Bangladesh,0.0
Liberia,Portugal,0.0
Liberia,Brazil,0.0
Liberia,Japan,0.0
Liberia,Cambodia,0.0
Liberia,Armenia,0.0
Liberia,Hungary,0.0
Liberia,North Korea,0.0
Liberia,Malaysia,0.0
Liberia,Myanmar,0.0
Liberia,Iran,0.0
Guinea,Mexico,0.0
Guinea,Spain,0.0
Guinea,Colombia,0.0
Guinea,Argentina,0.0
Guinea,Chile,0.0
Guinea,Honduras,0.0
Guinea,Dominican Republic,0.0
Guinea,Peru,0.0
Guinea,Bolivia,0.0
Guinea,Kazakhstan,0.0
Guinea,Belarus,0.0
Guinea,Bulgaria,0.0
Guinea,Italy,0.0
Guinea,Czech Republic,0.0
Guinea,Azerbaijan,0.0
Guinea,Indonesia,0.0
Guinea,India,0.0
Guinea,Pakistan,0.0
Guinea,New Zealand,0.0
Guinea,Afghanistan,0.0
Guinea,Bangladesh,0.0
Guinea,Portugal,0.0
Guinea,Brazil,0.0
Guinea,Japan,0.0
Guinea,Cambodia,0.0
Republic of the Congo,Honduras,0.0
Republic of the Congo,Dominican Republic,0.0
Republic of the Congo,Peru,0.0
Republic of the Congo,Bolivia,0.0
Republic of the Congo,Kazakhstan,0.0
Republic of the Congo,Belarus,0.0
Republic of the Congo,Bulgaria,0.0
Republic of the Congo,Italy,0.0
Republic of the Congo,Czech Republic,0.0
Republic of the Congo,Azerbaijan,0.0
Republic of the Congo,Indonesia,0.0
Republic of the Congo,India,0.0
Republic of the Congo,Pakistan,0.0
Republic of the Congo,New Zealand,0.0
Republic of the Congo,Afghanistan,0.0
Republic of the Congo,Bangladesh,0.0
Republic of the Congo,Portugal,0.0
Republic of the Congo,Brazil,0.0
Republic of the Congo,Japan,0.0
Republic of the Congo,Cambodia,0.0
Republic of the Congo,Armenia,0.0
Republic of the Congo,Hungary,0.0
Republic of the Congo,North Korea,0.0
Republic of the Congo,Malaysia,0.0
Republic of the Congo,Myanmar,0.0
Republic of the Congo,Iran,0.0
Kazakhstan,Algeria,0.0
Kazakhstan,Australia,0.0
Kazakhstan,Ethiopia,0.0
Belarus,Nigeria,0.0
Belarus,Liberia,0.0
Belarus,Azerbaijan,0.0
Belarus,Indonesia,0.0
Belarus,India,0.0
Belarus,Pakistan,0.0
Belarus,Angola,0.0
Belarus,Mozambique,0.0
Belarus,Kenya,0.0
Belarus,Ghana,0.0
Belarus,New Zealand,0.0
Belarus,Afghanistan,0.0
Belarus,Bangladesh,0.0
Belarus,Morocco,0.0
Belarus,Mauritania,0.0
Belarus,Brazil,0.0
Belarus,Japan,0.0
Belarus,Cambodia,0.0
Belarus,Armenia,0.0
Belarus,North Korea,0.0
Belarus,Malaysia,0.0
Belarus,Myanmar,0.0
Peru,Nigeria,0.0
Peru,Liberia,0.0
Peru,Azerbaijan,0.0
Peru,Indonesia,0.0
Peru,India,0.0
Peru,Pakistan,0.0
Peru,Angola,0.0
Peru,Mozambique,0.0
Peru,Kenya,0.0
Peru,Ghana,0.0
Peru,New Zealand,0.0
Peru,Afghanistan,0.0
Peru,Bangladesh,0.0
Peru,Morocco,0.0
Peru,Mauritania,0.0
Peru,Portugal,0.0
Peru,Japan,0.0
Peru,Cambodia,0.0
Peru,Armenia,0.0
Peru,Hungary,0.0
Peru,North Korea,0.0
Peru,Malaysia,0.0
Peru,Myanmar,0.0
Peru,Iran,0.0
Peru,Mongolia,0.0
Peru,Jordan,0.0
Peru,Iraq,0.0
Peru,Lebanon,0.0
Peru,Kuwait,0.0
Peru,Oman,0.0
Peru,Algeria,0.0
Peru,Kyrgyzstan,0.0
Peru,Australia,0.0
Peru,Ethiopia,0.0
Czech Republic,Malaysia,0.0
Czech Republic,Myanmar,0.0
Czech Republic,Iran,0.0
Czech Republic,Mongolia,0.0
Czech Republic,Jordan,0.0
Czech Republic,Iraq,0.0
Czech Republic,Lebanon,0.0
Czech Republic,Kuwait,0.0
Czech Republic,Oman,0.0
Czech Republic,Algeria,0.0
Czech Republic,Kyrgyzstan,0.0
Czech Republic,Australia,0.0
Czech Republic,Ethiopia,0.0
Nigeria,Azerbaijan,0.0
Nigeria,Indonesia,0.0
Nigeria,Afghanistan,0.0
Nigeria,Bangladesh,0.0
Nigeria,Brazil,0.0
Nigeria,Japan,0.0
Nigeria,Cambodia,0.0
Nigeria,Armenia,0.0
Nigeria,Hungary,0.0
Nigeria,North Korea,0.0
Nigeria,Malaysia,0.0
Cameroon,Afghanistan,0.0
Cameroon,Bangladesh,0.0
Cameroon,Portugal,0.0
Cameroon,Brazil,0.0
Cameroon,Japan,0.0
Cameroon,Cambodia,0.0
Cameroon,Armenia,0.0
Cameroon,Hungary,0.0
Cameroon,North Korea,0.0
Cameroon,Malaysia,0.0
Cameroon,Myanmar,0.0
Cameroon,Iran,0.0
Cameroon,Mongolia,0.0
Cameroon,Jordan,0.0
Cameroon,Iraq,0.0
Cameroon,Lebanon,0.0
Cameroon,Kuwait,0.0
Cameroon,Oman,0.0
Cameroon,Kyrgyzstan,0.0
Cameroon,Australia,0.0
Democratic Republic of the Congo,Germany,0.0
Democratic Republic of the Congo,Cuba,0.0
Democratic Republic of the Congo,Austria,0.0
Belarus,Iran,0.0
Belarus,Mongolia,0.0
Belarus,Jordan,0.0
Belarus,Iraq,0.0
Belarus,Lebanon,0.0
Belarus,Kuwait,0.0
Belarus,Oman,0.0
Belarus,Algeria,0.0
Belarus,Kyrgyzstan,0.0
Belarus,Australia,0.0
Belarus,Ethiopia,0.0
Bulgaria,Nigeria,0.0
Bulgaria,Liberia,0.0
Bulgaria,Azerbaijan,0.0
Bulgaria,Indonesia,0.0
Bulgaria,India,0.0
Bulgaria,Pakistan,0.0
Bulgaria,Angola,0.0
Bulgaria,Mozambique,0.0
Bulgaria,Kenya,0.0
Bulgaria,Ghana,0.0
Bulgaria,New Zealand,0.0
Bulgaria,Afghanistan,0.0
Bulgaria,Bangladesh,0.0
Bulgaria,Morocco,0.0
Bulgaria,Mauritania,0.0
Bulgaria,Brazil,0.0
Bulgaria,Japan,0.0
Bulgaria,Cambodia,0.0
Bulgaria,Armenia,0.0
Bulgaria,North Korea,0.0
Chad,Bangladesh,0.0
Chad,Portugal,0.0
Chad,Brazil,0.0
Chad,Japan,0.0
Chad,Cambodia,0.0
Chad,Armenia,0.0
Chad,Hungary,0.0
Chad,North Korea,0.0
Chad,Malaysia,0.0
Chad,Myanmar,0.0
Chad,Iran,0.0
Chad,Mongolia,0.0
Chad,Kyrgyzstan,0.0
Chad,Australia,0.0
Republic of the Congo,Germany,0.0
Republic of the Congo,Cuba,0.0
Republic of the Congo,Austria,0.0
Republic of the Congo,Mexico,0.0
Republic of the Congo,Spain,0.0
Republic of the Congo,Colombia,0.0
Republic of the Congo,Argentina,0.0
Republic of the Congo,Chile,0.0
Japan,Australia,0.0
Japan,Ethiopia,0.0
Cambodia,Hungary,0.0
Cambodia,Algeria,0.0
Cambodia,Australia,0.0
Cambodia,Ethiopia,0.0
Armenia,Hungary,0.0
Mozambique,Myanmar,0.0
Mozambique,Iran,0.0
Mozambique,Mongolia,0.0
Mozambique,Jordan,0.0
Mozambique,Iraq,0.0
Mozambique,Lebanon,0.0
Mozambique,Kuwait,0.0
Mozambique,Oman,0.0
Mozambique,Kyrgyzstan,0.0
Mozambique,Australia,0.0
Kenya,Afghanistan,0.0
Kenya,Bangladesh,0.0
Kenya,Portugal,0.0
Kenya,Brazil,0.0
Kenya,Japan,0.0
Kenya,Cambodia,0.0
Kenya,Armenia,0.0
Kenya,Hungary,0.0
Kenya,North Korea,0.0
Kenya,Malaysia,0.0
Kenya,Myanmar,0.0
Kenya,Iran,0.0
Kenya,Mongolia,0.0
Kenya,Jordan,0.0
Kenya,Iraq,0.0
Kenya,Lebanon,0.0
Kenya,Kuwait,0.0
Kenya,Oman,0.0
Kenya,Kyrgyzstan,0.0
Bangladesh,Algeria,0.0
Bangladesh,Australia,0.0
Bangladesh,Ethiopia,0.0
Morocco,Portugal,0.0
Morocco,Brazil,0.0
Morocco,Japan,0.0
Morocco,Cambodia,0.0
Morocco,Armenia,0.0
Morocco,Hungary,0.0
Morocco,North Korea,0.0
Morocco,Malaysia,0.0
Morocco,Myanmar,0.0
Morocco,Iran,0.0
Morocco,Mongolia,0.0
Cuba,Malaysia,0.0
Cuba,Myanmar,0.0
Cuba,Iran,0.0
Cuba,Mongolia,0.0
Cuba,Jordan,0.0
Cuba,Iraq,0.0
Cuba,Lebanon,0.0
Cuba,Kuwait,0.0
Cuba,Oman,0.0
Cuba,Algeria,0.0
Cuba,Kyrgyzstan,0.0
Cuba,Australia,0.0
Cuba,Ethiopia,0.0
Austria,Mexico,0.0
Austria,Colombia,0.0
Austria,Argentina,0.0
Austria,Chile,0.0
Austria,Honduras,0.0
Austria,Dominican Republic,0.0
Austria,Peru,0.0
Austria,Bolivia,0.0
Austria,Nigeria,0.0
Austria,Liberia,0.0
Austria,Azerbaijan,0.0
Austria,Indonesia,0.0
Austria,India,0.0
Austria,Pakistan,0.0
Austria,Angola,0.0
Austria,Mozambique,0.0
Austria,Kenya,0.0
Mexico,Algeria,0.0
Mexico,Kyrgyzstan,0.0
Mexico,Australia,0.0
Mexico,Ethiopia,0.0
Spain,Nigeria,0.0
Spain,Liberia,0.0
Spain,Azerbaijan,0.0
Spain,Indonesia,0.0
Spain,India,0.0
Spain,Pakistan,0.0
Spain,Angola,0.0
Spain,Mozambique,0.0
Spain,Kenya,0.0
Spain,Ghana,0.0
Spain,New Zealand,0.0
Spain,Afghanistan,0.0
Spain,Bangladesh,0.0
Spain,Morocco,0.0
Spain,Mauritania,0.0
Spain,Brazil,0.0
Cuba,Kazakhstan,0.0
Cuba,Belarus,0.0
Cuba,Bulgaria,0.0
Cuba,Italy,0.0
Cuba,Czech Republic,0.0
Cuba,Nigeria,0.0
Cuba,Liberia,0.0
Cuba,Azerbaijan,0.0
Cuba,Indonesia,0.0
Cuba,India,0.0
Cuba,Pakistan,0.0
Cuba,Angola,0.0
Cuba,Mozambique,0.0
Cuba,Kenya,0.0
Cuba,Ghana,0.0
Cuba,New Zealand,0.0
Cuba,Afghanistan,0.0
Cuba,Bangladesh,0.0
Cuba,Morocco,0.0
Cuba,Mauritania,0.0
Cuba,Portugal,0.0
Cuba,Brazil,0.0
Cuba,Japan,0.0
Cuba,Cambodia,0.0
Cuba,Armenia,0.0
Cuba,Hungary,0.0
Cuba,North Korea,0.0
Bolivia,Kazakhstan,0.0
Bolivia,Belarus,0.0
Bolivia,Bulgaria,0.0
Bolivia,Italy,0.0
Bolivia,Czech Republic,0.0
Bolivia,Nigeria,0.0
Bolivia,Liberia,0.0
Bolivia,Azerbaijan,0.0
Bolivia,Indonesia,0.0
Bolivia,India,0.0
Bolivia,Pakistan,0.0
Bolivia,Angola,0.0
Bolivia,Mozambique,0.0
Bolivia,Kenya,0.0
Bolivia,Ghana,0.0
Bolivia,New Zealand,0.0
Bolivia,Afghanistan,0.0
Bolivia,Bangladesh,0.0
Bolivia,Morocco,0.0
Bolivia,Mauritania,0.0
Bolivia,Portugal,0.0
Bolivia,Japan,0.0
Bolivia,Cambodia,0.0
Bolivia,Armenia,0.0
Bolivia,Hungary,0.0
Bolivia,North Korea,0.0
Bolivia,Malaysia,0.0
Bolivia,Myanmar,0.0
Bolivia,Iran,0.0
Bolivia,Mongolia,0.0
Bolivia,Jordan,0.0
Bolivia,Iraq,0.0
Bolivia,Lebanon,0.0
Bolivia,Kuwait,0.0
Liberia,Mongolia,0.0
Liberia,Jordan,0.0
Liberia,Iraq,0.0
Liberia,Lebanon,0.0
Liberia,Kuwait,0.0
Liberia,Oman,0.0
Liberia,Kyrgyzstan,0.0
Liberia,Australia,0.0
Azerbaijan,Angola,0.0
Azerbaijan,Mozambique,0.0
Azerbaijan,Kenya,0.0
Azerbaijan,Ghana,0.0
Azerbaijan,New Zealand,0.0
Azerbaijan,Morocco,0.0
Azerbaijan,Mauritania,0.0
Azerbaijan,Portugal,0.0
Azerbaijan,Brazil,0.0
Azerbaijan,Hungary,0.0
Indonesia,Australia,0.0
Indonesia,Ethiopia,0.0
India,Angola,0.0
India,Mozambique,0.0
India,Morocco,0.0
India,Mauritania,0.0
India,Portugal,0.0
India,Brazil,0.0
India,Hungary,0.0
India,Algeria,0.0
India,Australia,0.0
India,Ethiopia,0.0
Pakistan,Angola,0.0
Pakistan,Mozambique,0.0
Azerbaijan,Algeria,0.0
Azerbaijan,Australia,0.0
Azerbaijan,Ethiopia,0.0
Indonesia,Angola,0.0
Indonesia,Mozambique,0.0
Indonesia,Kenya,0.0
Indonesia,Ghana,0.0
Indonesia,New Zealand,0.0
Indonesia,Morocco,0.0
Indonesia,Mauritania,0.0
Indonesia,Portugal,0.0
Indonesia,Brazil,0.0
Indonesia,Hungary,0.0
Indonesia,Algeria,0.0
Austria,Ghana,0.0
Austria,New Zealand,0.0
Austria,Afghanistan,0.0
Austria,Bangladesh,0.0
Austria,Morocco,0.0
Austria,Mauritania,0.0
Austria,Brazil,0.0
Austria,Japan,0.0
Austria,Cambodia,0.0
Austria,Armenia,0.0
Austria,North Korea,0.0
Austria,Malaysia,0.0
Austria,Myanmar,0.0
Austria,Iran,0.0
Austria,Mongolia,0.0
Austria,Jordan,0.0
Austria,Iraq,0.0
Austria,Lebanon,0.0
Austria,Kuwait,0.0
Austria,Oman,0.0
Austria,Algeria,0.0
Austria,Kyrgyzstan,0.0
Austria,Australia,0.0
Austria,Ethiopia,0.0
Bolivia,Oman,0.0
Bolivia,Algeria,0.0
Bolivia,Kyrgyzstan,0.0
Bolivia,Australia,0.0
Bolivia,Ethiopia,0.0
Kazakhstan,Nigeria,0.0
Kazakhstan,Liberia,0.0
Kazakhstan,Angola,0.0
Kazakhstan,Mozambique,0.0
Kazakhstan,Kenya,0.0
Kazakhstan,Ghana,0.0
Kazakhstan,New Zealand,0.0
Kazakhstan,Morocco,0.0
Kazakhstan,Mauritania,0.0
Kazakhstan,Brazil,0.0
New Zealand,Ethiopia,0.0
Afghanistan,Portugal,0.0
Afghanistan,Brazil,0.0
Afghanistan,Hungary,0.0